[
    {
        "id": 1,
        "name": "Green Dress with details",
        "image": "assets/images/product1.png",
        "price": 400,
        "rating": 3.5,
        "category": "Women",
        "description": "Stylish green dress perfect for casual and formal wear."
    },
    {
        "id": 2,
        "name": "Blue Denim Shirt",
        "image": "assets/images/product2.png",
        "price": 650,
        "rating": 4.0,
        "category": "Men",
        "description": "Comfortable blue denim shirt for everyday use."
    },
    {
        "id": 3,
        "name": "Smart Watch",
        "image": "assets/images/product3.png",
        "price": 1200,
        "rating": 4.5,
        "category": "Accessories",
        "description": "Track fitness, receive notifications, and more with this smart watch."
    }
]